Crossing,,,FRA Number,Latitude,Longitude,Google Maps:,CSV
Airport Blvd - 023228P,,,023228P,29.6459791,-95.311933,View on Map,https://portal.trainfo.ca/doc/us/tx/tx390/AIRPORT_BLVD.csv
York Street - 859517C,,,859517C,29.7459719,-95.341959,View on Map,https://portal.trainfo.ca/doc/us/tx/tx390/YORK_STREET.csv
Airport Boulevard - 920423P,,,920423P,29.6426053,-95.4077311,View on Map,https://portal.trainfo.ca/doc/us/tx/tx390/AIRPORT_BOULEVARD.csv
Alameda/Genoa Rd - 023207W,,,023207W,29.6208544,-95.304407,View on Map,https://portal.trainfo.ca/doc/us/tx/tx390/ALAMEDA/GENOA_RD.csv
Antoine Street - 743267T,,,743267T,29.8117019,-95.4746445,View on Map,https://portal.trainfo.ca/doc/us/tx/tx390/ANTOINE_STREET.csv
Bingle Road - 743662C,,,743662C,29.825589,-95.4938759,View on Map,https://portal.trainfo.ca/doc/us/tx/tx390/BINGLE_ROAD.csv
Blalock Road - 743658M,,,743658M,29.8471692,-95.5242194,View on Map,https://portal.trainfo.ca/doc/us/tx/tx390/BLALOCK_ROAD.csv
Brantley Street - 859598E,,,859598E,29.5933147,-95.1697353,View on Map,https://portal.trainfo.ca/doc/us/tx/tx390/BRANTLEY_STREET.csv
Broadway Street - 859550C,,,859550C,29.7091547,-95.278094,View on Map,https://portal.trainfo.ca/doc/us/tx/tx390/BROADWAY_STREET.csv
Campbell Road - 743653D,,,743653D,29.8527614,-95.5320867,View on Map,https://portal.trainfo.ca/doc/us/tx/tx390/CAMPBELL_ROAD.csv
Cavalcade Street - 758739G,,,758739G,29.8021563,-95.3426056,View on Map,https://portal.trainfo.ca/doc/us/tx/tx390/CAVALCADE_STREET.csv
Challenger 7 Parkway - 859597X,,,859597X,29.6007676,-95.1767235,View on Map,https://portal.trainfo.ca/doc/us/tx/tx390/CHALLENGER_7_PARKWAY.csv
Chimney Rock Road - 755621G,,,755621G,29.6407016,-95.4823696,View on Map,https://portal.trainfo.ca/doc/us/tx/tx390/CHIMNEY_ROCK_ROAD.csv
Clay Road - 743659U,,,743659U,29.8335141,-95.5050174,View on Map,https://portal.trainfo.ca/doc/us/tx/tx390/CLAY_ROAD.csv
Clear Lake City Boulevard - 849029W,,,849029W,29.580381,-95.1575267,View on Map,https://portal.trainfo.ca/doc/us/tx/tx390/CLEAR_LAKE_CITY_BOULEVARD.csv
Commerce Street - 288129A,,,288129A,29.75766,-95.349352,View on Map,https://portal.trainfo.ca/doc/us/tx/tx390/COMMERCE_STREET.csv
Cullen Boulevard - 755630F,,,755630F,29.682967,-95.3559176,View on Map,https://portal.trainfo.ca/doc/us/tx/tx390/CULLEN_BOULEVARD.csv
Dixie Dr - 023212T,,,023212T,29.6778216,-95.3214321,View on Map,https://portal.trainfo.ca/doc/us/tx/tx390/DIXIE_DR.csv
Edgebrook Drive - 859583P,,,859583P,29.6480329,-95.2210022,View on Map,https://portal.trainfo.ca/doc/us/tx/tx390/EDGEBROOK_DRIVE.csv
El Dorado Boulevard - 859602S,,,859602S,29.5620381,-95.1404287,View on Map,https://portal.trainfo.ca/doc/us/tx/tx390/EL_DORADO_BOULEVARD.csv
Erby Street - 755356U,,,755356U,29.7027002,-95.315157,View on Map,https://portal.trainfo.ca/doc/us/tx/tx390/ERBY_STREET.csv
Fannin Street - 745041N,,,745041N,29.6688774,-95.4031223,View on Map,https://portal.trainfo.ca/doc/us/tx/tx390/FANNIN_STREET.csv
Fondren Road - 755624C,,,755624C,29.63102,-95.507649,View on Map,https://portal.trainfo.ca/doc/us/tx/tx390/FONDREN_ROAD.csv
Genoa Red Bluff Road - 859592N,,,859592N,29.6226886,-95.1972623,View on Map,https://portal.trainfo.ca/doc/us/tx/tx390/GENOA_RED_BLUFF_ROAD.csv
Gessner Road - 743650H,,,743650H,29.8614949,-95.5443989,View on Map,https://portal.trainfo.ca/doc/us/tx/tx390/GESSNER_ROAD.csv
Hempstead Road - 743677S,,,743677S,29.790389,-95.444909,View on Map,https://portal.trainfo.ca/doc/us/tx/tx390/HEMPSTEAD_ROAD.csv
Hillcroft Avenue - 755622N,,,755622N,29.636659,-95.493033,View on Map,https://portal.trainfo.ca/doc/us/tx/tx390/HILLCROFT_AVENUE.csv
Hirsch Road - 755640L,,,755640L,29.766171,-95.327519,View on Map,https://portal.trainfo.ca/doc/us/tx/tx390/HIRSCH_ROAD.csv
Holly Hall Street - 288208L,,,288208L,29.6853706,-95.3906708,View on Map,https://portal.trainfo.ca/doc/us/tx/tx390/HOLLY_HALL_STREET.csv
Holmes Road - 288217K,,,288217K,29.670443,-95.396617,View on Map,https://portal.trainfo.ca/doc/us/tx/tx390/HOLMES_ROAD.csv
Hopper Road - 758758L,,,758758L,29.8795909,-95.3113013,View on Map,https://portal.trainfo.ca/doc/us/tx/tx390/HOPPER_ROAD.csv
Howard Drive - 859570N,,,859570N,29.684901,-95.2554502,View on Map,https://portal.trainfo.ca/doc/us/tx/tx390/HOWARD_DRIVE.csv
I 610 Frontage Road Westbound - 288209T,,,288209T,29.680869,-95.392504,View on Map,https://portal.trainfo.ca/doc/us/tx/tx390/I_610_FRONTAGE_ROAD_WESTBOUND.csv
Kempwood Drive - 743668T,,,743668T,29.8181584,-95.4835025,View on Map,https://portal.trainfo.ca/doc/us/tx/tx390/KEMPWOOD_DRIVE.csv
Kingwood Drive - 755876D,,,755876D,30.0517374,-95.2469938,View on Map,https://portal.trainfo.ca/doc/us/tx/tx390/KINGWOOD_DRIVE.csv
Kirby Drive - 755612H,,,755612H,29.6657594,-95.4130884,View on Map,https://portal.trainfo.ca/doc/us/tx/tx390/KIRBY_DRIVE.csv
Langley Road - 758756X,,,758756X,29.866678,-95.3165276,View on Map,https://portal.trainfo.ca/doc/us/tx/tx390/LANGLEY_ROAD.csv
Laura Koppe Road - 758748F,,,758748F,29.8404085,-95.3271367,View on Map,https://portal.trainfo.ca/doc/us/tx/tx390/LAURA_KOPPE_ROAD.csv
Lawndale Street - 755351K,,,755351K,29.7167013,-95.2904076,View on Map,https://portal.trainfo.ca/doc/us/tx/tx390/LAWNDALE_STREET.csv
Leeland Street - 288224V,,,288224V,29.737696,-95.340676,View on Map,https://portal.trainfo.ca/doc/us/tx/tx390/LEELAND_STREET.csv
Little York Road - 758757E,,,758757E,29.8702145,-95.3150295,View on Map,https://portal.trainfo.ca/doc/us/tx/tx390/LITTLE_YORK_ROAD.csv
Lockwood Drive - 448535P,,,448535P,29.8233441,-95.3185392,View on Map,https://portal.trainfo.ca/doc/us/tx/tx390/LOCKWOOD_DRIVE.csv
Lockwood Street - 859523F,,,859523F,29.7421492,-95.3296417,View on Map,https://portal.trainfo.ca/doc/us/tx/tx390/LOCKWOOD_STREET.csv
Long Dr - 023214G,,,023214G,29.6946475,-95.326493,View on Map,https://portal.trainfo.ca/doc/us/tx/tx390/LONG_DR.csv
Long Point Road - 743270B,,,743270B,29.8030318,-95.4627124,View on Map,https://portal.trainfo.ca/doc/us/tx/tx390/LONG_POINT_ROAD.csv
Market Street - 755709E,,,755709E,29.772886,-95.3125651,View on Map,https://portal.trainfo.ca/doc/us/tx/tx390/MARKET_STREET.csv
Mccarty St - 869788K,,,869788K,29.750562,-95.283499,View on Map,https://portal.trainfo.ca/doc/us/tx/tx390/MCCARTY_ST.csv
Mt Houston Road - 755863C,,,755863C,29.8911362,-95.3066249,View on Map,https://portal.trainfo.ca/doc/us/tx/tx390/MT_HOUSTON_ROAD.csv
Oates Road - 745074B,,,745074B,29.8199097,-95.2407001,View on Map,https://portal.trainfo.ca/doc/us/tx/tx390/OATES_ROAD.csv
Park Place Boulevard - 859567F,,,859567F,29.69499,-95.264866,View on Map,https://portal.trainfo.ca/doc/us/tx/tx390/PARK_PLACE_BOULEVARD.csv
Park Terrace Boulevard - 859568M,,,859568M,29.7010388,-95.2705189,View on Map,https://portal.trainfo.ca/doc/us/tx/tx390/PARK_TERRACE_BOULEVARD.csv
Pineloch Drive - 900238R,,,900238R,29.5707709,-95.1485955,View on Map,https://portal.trainfo.ca/doc/us/tx/tx390/PINELOCH_DRIVE.csv
Polk Street - 288039B,,,288039B,29.7335182,-95.3176571,View on Map,https://portal.trainfo.ca/doc/us/tx/tx390/POLK_STREET.csv
Post Oak Road - 743673P,,,743673P,29.7981101,-95.4559745,View on Map,https://portal.trainfo.ca/doc/us/tx/tx390/POST_OAK_ROAD.csv
Post Oak Southbound Frontage - 440652H,,,440652H,29.6478337,-95.4639533,View on Map,https://portal.trainfo.ca/doc/us/tx/tx390/POST_OAK_SOUTHBOUND_FRONTAGE.csv
Private - 447983U,,,447983U,29.628843,-95.413218,View on Map,https://portal.trainfo.ca/doc/us/tx/tx390/PRIVATE.csv
Reed Road - 447996V,,,447996V,29.6574719,-95.401813,View on Map,https://portal.trainfo.ca/doc/us/tx/tx390/REED_ROAD.csv
Scott Street - 755327J,,,755327J,29.6796403,-95.3670853,View on Map,https://portal.trainfo.ca/doc/us/tx/tx390/SCOTT_STREET.csv
South 75Th Street - 745046X,,,745046X,29.7141909,-95.2948752,View on Map,https://portal.trainfo.ca/doc/us/tx/tx390/SOUTH_75TH_STREET.csv
South Pinemont Drive - 758656T,,,758656T,29.8408245,-95.5152968,View on Map,https://portal.trainfo.ca/doc/us/tx/tx390/SOUTH_PINEMONT_DRIVE.csv
South Shaver Street - 859587S,,,859587S,29.6371329,-95.2108116,View on Map,https://portal.trainfo.ca/doc/us/tx/tx390/SOUTH_SHAVER_STREET.csv
South Wayside Drive - 755626R,,,755626R,29.6989897,-95.3210371,View on Map,https://portal.trainfo.ca/doc/us/tx/tx390/SOUTH_WAYSIDE_DRIVE.csv
Telephone Road - 288051H,,,288051H,29.726338,-95.3248549,View on Map,https://portal.trainfo.ca/doc/us/tx/tx390/TELEPHONE_ROAD.csv
Telephone Road - 755355M,,,755355M,29.7063102,-95.30891,View on Map,https://portal.trainfo.ca/doc/us/tx/tx390/TELEPHONE_ROAD.csv
Tidwell Road - 176296N,,,176296N,29.8505584,-95.5289893,View on Map,https://portal.trainfo.ca/doc/us/tx/tx390/TIDWELL_ROAD.csv
Tidwell Road - 758750G,,,758750G,29.848112,-95.324045,View on Map,https://portal.trainfo.ca/doc/us/tx/tx390/TIDWELL_ROAD.csv
Wb Bellfort Rd - 023211L,,,023211L,29.6661684,-95.3179713,View on Map,https://portal.trainfo.ca/doc/us/tx/tx390/WB_BELLFORT_RD.csv
Weaver Road - 758747Y,,,758747Y,29.8341484,-95.329666,View on Map,https://portal.trainfo.ca/doc/us/tx/tx390/WEAVER_ROAD.csv