name,month,blocked_min,eligible_min,span_min,episodes,blocked_pct,eligible_days,usable_for_trend
Commerce Street,2022-09,4509.789999816667,33483.0,33483.0,542,13.468894662415753,23.252083333333335,True
Commerce Street,2022-10,5727.439999766667,44640.0,44640.0,666,12.830286737828553,31.0,True
Commerce Street,2022-11,5562.499999783334,43200.0,43200.0,646,12.876157406905865,30.0,True
Commerce Street,2022-12,5912.049999866666,44640.0,44640.0,671,13.24383960543608,31.0,True
Commerce Street,2023-01,5575.8499998,44640.0,44640.0,649,12.490703404569892,31.0,True
Commerce Street,2023-02,6123.499999883334,40320.0,40320.0,616,15.187251983837632,28.0,True
Commerce Street,2023-03,6571.3399997999995,44640.0,44640.0,678,14.720743727150538,31.0,True
Commerce Street,2023-04,5948.75999985,43200.0,43200.0,700,13.770277777430556,30.0,True
Commerce Street,2023-05,6092.429999783333,44640.0,44640.0,700,13.647916666181303,31.0,True
Commerce Street,2023-06,6090.199999816667,43200.0,43200.0,708,14.097685184760802,30.0,True
Commerce Street,2023-07,6589.42999975,44640.0,44640.0,727,14.761267920586919,31.0,True
Commerce Street,2023-08,7227.379999783334,44640.0,44640.0,723,16.19036738302718,31.0,True
Commerce Street,2023-09,6879.259999816667,43200.0,43200.0,694,15.924212962538581,30.0,True
Commerce Street,2023-10,7179.639999833333,44640.0,44640.0,733,16.083422938694742,31.0,True
Commerce Street,2023-11,6461.26999985,43200.0,43200.0,678,14.956643518171296,30.0,True
Commerce Street,2023-12,6783.03999985,44640.0,44640.0,753,15.194982078517025,31.0,True
Commerce Street,2024-01,6735.12999975,44640.0,44640.0,784,15.087656809475808,31.0,True
Commerce Street,2024-02,7451.839999866667,41760.0,41760.0,686,17.844444444125163,29.0,True
Commerce Street,2024-03,6919.309999733333,44640.0,44640.0,772,15.500246415173237,31.0,True
Commerce Street,2024-04,6089.719999783333,43200.0,43200.0,672,14.096574073572532,30.0,True
Commerce Street,2024-05,7552.37999975,44640.0,44640.0,678,16.918413977934588,31.0,True
Commerce Street,2024-06,7023.339999783333,43200.0,43200.0,722,16.257731480979935,30.0,True
Commerce Street,2024-07,6273.529999883333,38537.42,44640.0,626,16.279060715230376,26.76209722222222,True
Commerce Street,2024-08,7654.81999985,44640.0,44640.0,791,17.147894264896955,31.0,True
Commerce Street,2024-09,6355.1699997,43200.0,43200.0,739,14.711041665972223,30.0,True
Commerce Street,2024-10,6369.24999985,44640.0,44640.0,845,14.268033153785842,31.0,True
Commerce Street,2024-11,6148.219999783333,43200.0,43200.0,741,14.231990740239198,30.0,True
Commerce Street,2024-12,5667.919999816667,44640.0,44640.0,740,12.696953404607228,31.0,True
Commerce Street,2025-01,5966.059999733334,44640.0,44640.0,740,13.364829748506574,31.0,True
Commerce Street,2025-02,5746.87999985,40320.0,40320.0,720,14.253174602802579,28.0,True
Commerce Street,2025-03,7256.349999766667,44640.0,44640.0,814,16.255264336394863,31.0,True
Commerce Street,2025-04,6290.449999833333,43200.0,43200.0,777,14.561226851466047,30.0,True
Commerce Street,2025-05,6644.509999783333,44640.0,44640.0,809,14.884655017435783,31.0,True
Commerce Street,2025-06,7378.699999816667,43200.0,43200.0,800,17.08032407364969,30.0,True
Commerce Street,2025-07,6829.3399997,44640.0,44640.0,826,15.298700716173835,31.0,True
Commerce Street,2025-08,7190.0499998,44640.0,44640.0,857,16.10674283109319,31.0,True
Commerce Street,2025-09,6608.59999975,43200.0,43200.0,792,15.297685184606483,30.0,True
Commerce Street,2025-10,6919.9399997,44640.0,44640.0,851,15.501657705421147,31.0,True
Commerce Street,2025-11,6444.6599998,43200.0,43200.0,820,14.91819444398148,30.0,True
Commerce Street,2025-12,6529.7199998,44640.0,44640.0,778,14.627508960125446,31.0,True
Commerce Street,2026-01,6074.259999683333,44640.0,44640.0,764,13.607213260939366,31.0,True
Commerce Street,2026-02,6084.429999783333,40320.0,40320.0,687,15.090352182002315,28.0,True
Commerce Street,2026-03,6666.549999883334,44640.0,44640.0,764,14.93402777751643,31.0,True
Commerce Street,2026-04,6610.859999766667,43200.0,43200.0,734,15.302916666126542,30.0,True
Commerce Street,2026-05,6670.2199998,44640.0,44640.0,774,14.942249103494623,31.0,True
Commerce Street,2026-06,5391.129999883333,43200.0,43200.0,736,12.47946759232253,30.0,True
Commerce Street,2026-07,5325.689999783333,44640.0,44640.0,735,11.930309139299583,31.0,True
Commerce Street,2026-08,4775.679999816667,44640.0,44640.0,636,10.698207884893966,31.0,True
Commerce Street,2026-09,2944.1199998833335,28482.5,28482.5,428,10.336592644196731,19.77951388888889,True
Hirsch Road,2023-03,10.020000000000001,10.019999999999982,581.0,1,100.0000000000002,0.006958333333333321,False
Hirsch Road,2023-04,6795.92999995,35776.0,43200.0,169,18.995779293241277,24.844444444444445,True
Hirsch Road,2023-05,6309.359999933334,44640.0,44640.0,217,14.133870967592593,31.0,True
Hirsch Road,2023-06,6276.149999916666,43200.0,43200.0,255,14.528124999807098,30.0,True
Hirsch Road,2023-07,4804.439999983333,38067.0,44640.0,222,12.621010323858808,26.435416666666665,True
Hirsch Road,2023-08,3448.45999995,43114.77,44640.0,200,7.998326327497515,29.940812499999996,True
Hirsch Road,2023-09,2496.0399999333335,32386.8,43200.0,209,7.706967035747075,22.490833333333335,True
Hirsch Road,2023-10,8585.499999933334,43072.25,44640.0,342,19.932787351330226,29.911284722222224,True
Hirsch Road,2023-11,5316.249999733333,38130.43,43200.0,1444,13.94227654850295,26.479465277777777,True
Hirsch Road,2023-12,0.0,0.0,44640.0,0,,0.0,False
Hirsch Road,2024-01,0.0,0.0,44640.0,0,,0.0,False
Hirsch Road,2024-02,0.0,0.0,41760.0,0,,0.0,False
Hirsch Road,2024-03,1152.7999999833332,7148.0,44640.0,36,16.127588136308525,4.963888888888889,False
Hirsch Road,2024-04,6752.53999995,43200.0,43200.0,242,15.630879629513888,30.0,True
Hirsch Road,2024-05,12352.909999916666,44640.0,44640.0,242,27.672289426336622,31.0,True
Hirsch Road,2024-06,10693.989999933334,37587.68,43200.0,218,28.450784937866167,26.102555555555554,True
Hirsch Road,2024-07,7734.579999883333,22919.48,44640.0,158,33.74675167099486,15.916305555555555,True
Hirsch Road,2024-08,12863.269999883334,44640.0,44640.0,357,28.815568996154422,31.0,True
Hirsch Road,2024-09,7599.669999983334,43200.0,43200.0,232,17.591828703665126,30.0,True
Hirsch Road,2024-10,3587.4999999,44640.0,44640.0,213,8.03651433669355,31.0,True
Hirsch Road,2024-11,4699.469999933333,43200.0,43200.0,239,10.878402777623457,30.0,True
Hirsch Road,2024-12,4075.8499999166665,44640.0,44640.0,228,9.1304883510678,31.0,True
Hirsch Road,2025-01,4694.029999983333,44640.0,44640.0,239,10.515300179174133,31.0,True
Hirsch Road,2025-02,6211.659999899998,40211.67,40320.0,1513,15.447406188054359,27.924770833333334,True
Hirsch Road,2025-03,4159.869999983333,43274.0,44640.0,172,9.612862226702717,30.051388888888887,True
Hirsch Road,2025-04,5155.369999933333,43200.0,43200.0,218,11.93372685169753,30.0,True
Hirsch Road,2025-05,3910.4599999,44640.0,44640.0,209,8.759991039202509,31.0,True
Hirsch Road,2025-06,5448.939999966667,41755.33,43200.0,211,13.049687309300792,28.996756944444446,True
Hirsch Road,2025-07,6211.439999883333,44640.0,44640.0,214,13.914516128770908,31.0,True
Hirsch Road,2025-08,5566.569999916666,44640.0,44640.0,222,12.469914874365292,31.0,True
Hirsch Road,2025-09,6459.1599999,43200.0,43200.0,239,14.951759259027778,30.0,True
Hirsch Road,2025-10,7033.939999933333,44640.0,44640.0,266,15.757034050029867,31.0,True
Hirsch Road,2025-11,5742.459999916667,43200.0,43200.0,235,13.29273148128858,30.0,True
Hirsch Road,2025-12,4501.629999833333,44640.0,44640.0,231,10.084296594608722,31.0,True
Hirsch Road,2026-01,5916.169999933333,44640.0,44640.0,248,13.253068996266428,31.0,True
Hirsch Road,2026-02,5181.80999995,40320.0,40320.0,254,12.851711309399802,28.0,True
Hirsch Road,2026-03,5705.259999966666,44640.0,44640.0,269,12.780600358348268,31.0,True
Hirsch Road,2026-04,4660.8499999000005,41616.52,43200.0,237,11.19951884467995,28.90036111111111,True
Hirsch Road,2026-05,6190.289999816667,44640.0,44640.0,338,13.867137096363502,31.0,True
Hirsch Road,2026-06,3738.27,43200.0,43200.0,217,8.653402777777778,30.0,True
Hirsch Road,2026-07,4635.26999995,44640.0,44640.0,208,10.383669354726702,31.0,True
Hirsch Road,2026-08,4354.459999983334,40922.87,44640.0,171,10.640651547614654,28.418659722222223,True
Hirsch Road,2026-09,2947.169999933333,28478.65,28478.65,105,10.348699815241709,19.77684027777778,True
Leeland Street,2023-02,2551.9399998833333,19630.0,19630.0,349,13.000203769145864,13.631944444444445,False
Leeland Street,2023-03,5899.789999716667,44640.0,44640.0,794,13.216375447393968,31.0,True
Leeland Street,2023-04,5446.459999783334,43200.0,43200.0,800,12.607546295794753,30.0,True
Leeland Street,2023-05,5410.769999666667,44640.0,44640.0,864,12.120900536887694,31.0,True
Leeland Street,2023-06,5653.01999975,43200.0,43200.0,890,13.085694443865743,30.0,True
Leeland Street,2023-07,5234.7999996,44640.0,44640.0,853,11.726702508064516,31.0,True
Leeland Street,2023-08,5179.539999616666,44640.0,44640.0,875,11.602912185521205,31.0,True
Leeland Street,2023-09,4977.1299997,43200.0,43200.0,773,11.521134258564814,30.0,True
Leeland Street,2023-10,8007.009999666667,44640.0,44640.0,829,17.936850357676224,31.0,True
Leeland Street,2023-11,248.73000000000002,4516.4400000000005,43200.0,77,5.507213646146079,3.136416666666667,False
Leeland Street,2023-12,4707.1199998,33761.0,44640.0,564,13.942478006575636,23.445138888888888,True
Leeland Street,2024-01,5465.109999766667,44640.0,44640.0,781,12.242629927792711,31.0,True
Leeland Street,2024-02,7100.93999985,41760.0,41760.0,679,17.004166666307473,29.0,True
Leeland Street,2024-03,1092.9699999666666,8779.22,44640.0,154,12.449511459636126,6.096680555555555,False
Leeland Street,2024-04,0.0,0.0,43200.0,0,,0.0,False
Leeland Street,2024-05,3156.8999999166667,22562.0,44640.0,384,13.992110628121031,15.668055555555556,True
Leeland Street,2024-06,7697.889999700001,43200.0,43200.0,770,17.819189814120374,30.0,True
Leeland Street,2024-07,8722.979999783334,44640.0,44640.0,769,19.54072580596625,31.0,True
Leeland Street,2024-08,7415.9599997000005,44640.0,44640.0,1411,16.612813619399642,31.0,True
Leeland Street,2024-09,7356.55999975,43200.0,43200.0,966,17.029074073495373,30.0,True
Leeland Street,2024-10,5801.659999716667,44640.0,44640.0,885,12.996550178576763,31.0,True
Leeland Street,2024-11,5595.82999965,43200.0,43200.0,708,12.953310184374999,30.0,True
Leeland Street,2024-12,5084.239999783334,44640.0,44640.0,726,11.389426522812128,31.0,True
Leeland Street,2025-01,4664.62999975,44640.0,44640.0,781,10.44943996359767,31.0,True
Leeland Street,2025-02,4889.919999783333,40320.0,40320.0,728,12.127777777240409,28.0,True
Leeland Street,2025-03,6254.959999716667,44640.0,44640.0,865,14.012007167824075,31.0,True
Leeland Street,2025-04,5855.1699998,43200.0,43200.0,758,13.553634258796299,30.0,True
Leeland Street,2025-05,5914.669999716667,44640.0,44640.0,830,13.249708780727302,31.0,True
Leeland Street,2025-06,7142.209999833333,43200.0,43200.0,749,16.532893518132713,30.0,True
Leeland Street,2025-07,5899.74999985,44640.0,44640.0,846,13.216285841957886,31.0,True
Leeland Street,2025-08,5515.829999816667,44640.0,44640.0,889,12.356249999589307,31.0,True
Leeland Street,2025-09,6387.959999783333,43200.0,43200.0,817,14.786944443942899,30.0,True
Leeland Street,2025-10,6497.239999766667,44640.0,44640.0,817,14.554749103419955,31.0,True
Leeland Street,2025-11,5616.749999733333,43200.0,43200.0,673,13.001736110493827,30.0,True
Leeland Street,2025-12,5707.419999833333,44640.0,44640.0,642,12.785439067727,31.0,True
Leeland Street,2026-01,5622.939999766667,44640.0,44640.0,698,12.5961917557497,31.0,True
Leeland Street,2026-02,4544.68999985,40320.0,40320.0,549,11.271552578993056,28.0,True
Leeland Street,2026-03,6732.8699997,44640.0,44640.0,813,15.082594085349463,31.0,True
Leeland Street,2026-04,6896.679999783333,43200.0,43200.0,742,15.964537036535495,30.0,True
Leeland Street,2026-05,6246.0099998000005,44640.0,44640.0,643,13.991957884856633,31.0,True
Leeland Street,2026-06,4642.299999766667,43200.0,43200.0,591,10.74606481427469,30.0,True
Leeland Street,2026-07,4935.649999716667,44640.0,44640.0,626,11.056563619436977,31.0,True
Leeland Street,2026-08,4518.779999683334,44640.0,44640.0,685,10.122715053054062,31.0,True
Leeland Street,2026-09,3348.24999985,28448.3,28448.3,424,11.769596073754848,19.75576388888889,True
Lockwood Street,2022-09,4976.469999983334,33067.0,33067.0,163,15.049656757441964,22.963194444444444,True
Lockwood Street,2022-10,3281.93999995,44640.0,44640.0,204,7.352016128920251,31.0,True
Lockwood Street,2022-11,3805.7599999333333,43200.0,43200.0,182,8.809629629475308,30.0,True
Lockwood Street,2022-12,4218.719999933333,44640.0,44640.0,196,9.450537634259259,31.0,True
Lockwood Street,2023-01,2652.0299999333333,44640.0,44640.0,187,5.940927419205496,31.0,True
Lockwood Street,2023-02,3244.719999966667,40320.0,40320.0,169,8.047420634837962,28.0,True
Lockwood Street,2023-03,3457.3899999333335,44640.0,44640.0,195,7.7450492830047795,31.0,True
Lockwood Street,2023-04,3215.35999995,43200.0,43200.0,215,7.442962962847223,30.0,True
Lockwood Street,2023-05,2391.2599999333333,44640.0,44640.0,195,5.356765232825567,31.0,True
Lockwood Street,2023-06,3543.6899999833336,43200.0,43200.0,215,8.202986111072532,30.0,True
Lockwood Street,2023-07,3830.41999995,44640.0,44640.0,225,8.5806899640457,31.0,True
Lockwood Street,2023-08,3532.3099999166666,44640.0,44640.0,248,7.912880824186081,31.0,True
Lockwood Street,2023-09,3260.8199999333333,43200.0,43200.0,225,7.5481944442901225,30.0,True
Lockwood Street,2023-10,5208.4199999,44640.0,44640.0,239,11.667607526657706,31.0,True
Lockwood Street,2023-11,3846.6399999,43200.0,43200.0,234,8.904259259027777,30.0,True
Lockwood Street,2023-12,3828.24999995,44640.0,44640.0,229,8.575828852934588,31.0,True
Lockwood Street,2024-01,3256.0199999166666,44640.0,44640.0,251,7.293951612716547,31.0,True
Lockwood Street,2024-02,3857.6999999333334,41760.0,41760.0,227,9.237787356162197,29.0,True
Lockwood Street,2024-03,2732.4399998833333,44640.0,44640.0,243,6.1210573474089,31.0,True
Lockwood Street,2024-04,2459.7799999666668,41646.7,43200.0,221,5.906302299982152,28.921319444444443,True
Lockwood Street,2024-05,2757.539999883333,44640.0,44640.0,223,6.177284945975209,31.0,True
Lockwood Street,2024-06,5446.7499999833335,43200.0,43200.0,225,12.608217592554015,30.0,True
Lockwood Street,2024-07,6679.6799998999995,44640.0,44640.0,214,14.963440859991037,31.0,True
Lockwood Street,2024-08,3330.18999995,44640.0,44640.0,236,7.460103046482975,31.0,True
Lockwood Street,2024-09,2738.75999995,43200.0,43200.0,228,6.339722222106481,30.0,True
Lockwood Street,2024-10,2246.23999995,44640.0,44640.0,261,5.031899641465054,31.0,True
Lockwood Street,2024-11,2748.6699999666666,43200.0,43200.0,231,6.362662036959877,30.0,True
Lockwood Street,2024-12,2503.1199998833335,44640.0,44640.0,241,5.607347669989546,31.0,True
Lockwood Street,2025-01,2047.9599999666666,44640.0,44640.0,251,4.587724014262246,31.0,True
Lockwood Street,2025-02,1404.50999995,21509.67,40320.0,126,6.529667818939111,14.937270833333333,False
Lockwood Street,2025-03,3178.2599999833333,44640.0,44640.0,273,7.119758064478794,31.0,True
Lockwood Street,2025-04,2466.689999933333,43200.0,43200.0,275,5.709930555401234,30.0,True
Lockwood Street,2025-05,2642.7699999166666,44640.0,44640.0,271,5.920183691569593,31.0,True
Lockwood Street,2025-06,3082.8299999333335,43200.0,43200.0,299,7.136180555401235,30.0,True
Lockwood Street,2025-07,2770.109999983333,44640.0,44640.0,290,6.205443548349761,31.0,True
Lockwood Street,2025-08,2831.5599999333335,44640.0,44640.0,290,6.343100358273597,31.0,True
Lockwood Street,2025-09,2250.0899999333333,43200.0,43200.0,261,5.208541666512346,30.0,True
Lockwood Street,2025-10,2535.91,44640.0,44640.0,271,5.680801971326165,31.0,True
Lockwood Street,2025-11,2368.1199999333335,43200.0,43200.0,249,5.481759259104939,30.0,True
Lockwood Street,2025-12,2336.989999966667,44640.0,44640.0,267,5.235192652255078,31.0,True
Lockwood Street,2026-01,2202.399999933333,44640.0,44640.0,235,4.933691756123059,31.0,True
Lockwood Street,2026-02,2299.5299999333333,40320.0,40320.0,243,5.70319940459656,28.0,True
Lockwood Street,2026-03,2867.949999966667,44640.0,44640.0,291,6.424619175552569,31.0,True
Lockwood Street,2026-04,2679.0699999666667,43200.0,43200.0,278,6.201550925848766,30.0,True
Lockwood Street,2026-05,2566.5499999500003,44640.0,44640.0,261,5.749439964045699,31.0,True
Lockwood Street,2026-06,2338.5099999,43200.0,43200.0,265,5.413217592361111,30.0,True
Lockwood Street,2026-07,1985.9199999666666,44640.0,44640.0,238,4.44874551963859,31.0,True
Lockwood Street,2026-08,2454.5799999166666,44640.0,44640.0,271,5.498611110924432,31.0,True
Lockwood Street,2026-09,1879.30999995,28491.1,28491.1,181,6.596130019374471,19.78548611111111,True
Market Street,2022-09,4051.309999983333,22253.0,22253.0,224,18.205680132940874,15.453472222222222,True
Market Street,2022-10,8459.069999933334,44640.0,44640.0,407,18.94952956974313,31.0,True
Market Street,2022-11,7149.499999916667,43200.0,43200.0,401,16.549768518325617,30.0,True
Market Street,2022-12,7281.739999916666,44640.0,44640.0,430,16.312141576874254,31.0,True
Market Street,2023-01,6642.279999883333,44640.0,44640.0,409,14.879659497946536,31.0,True
Market Street,2023-02,7090.2599998000005,40320.0,40320.0,408,17.584970237599208,28.0,True
Market Street,2023-03,6545.789999833333,44640.0,44640.0,435,14.663508064142771,31.0,True
Market Street,2023-04,8474.889999883333,43200.0,43200.0,408,19.617800925655864,30.0,True
Market Street,2023-05,7535.439999816666,44640.0,44640.0,434,16.880465949410095,31.0,True
Market Street,2023-06,4961.959999916667,43200.0,43200.0,653,11.486018518325617,30.0,True
Market Street,2023-07,5469.909999733333,44640.0,44640.0,990,12.253382615890084,31.0,True
Market Street,2023-08,4395.289999533334,44640.0,44640.0,1185,9.846079748058543,31.0,True
Market Street,2023-09,3680.6799997999997,43200.0,43200.0,894,8.520092592129629,30.0,True
Market Street,2023-10,3361.7899996,39651.28,44640.0,1184,8.478389599528692,27.53561111111111,True
Market Street,2023-11,2636.6799997333333,43200.0,43200.0,954,6.103425925308642,30.0,True
Market Street,2023-12,1504.7699997833333,44640.0,44640.0,809,3.370900537149044,31.0,True
Market Street,2024-01,4384.949999933333,44640.0,44640.0,572,9.822916666517322,31.0,True
Market Street,2024-02,2752.9599997833334,41760.0,41760.0,756,6.592337164232121,29.0,True
Market Street,2024-03,4608.379999816667,44640.0,44640.0,602,10.323431899230885,31.0,True
Market Street,2024-04,4451.81999985,43200.0,43200.0,640,10.305138888541668,30.0,True
Market Street,2024-05,6834.97999995,44640.0,44640.0,391,15.31133512533602,31.0,True
Market Street,2024-06,7266.739999883333,43200.0,43200.0,383,16.821157407137346,30.0,True
Market Street,2024-07,6566.03999965,39666.95,44640.0,739,16.552923780754508,27.546493055555555,True
Market Street,2024-08,7373.3899998,44640.0,44640.0,467,16.51745071639785,31.0,True
Market Street,2024-09,5777.479999916666,43200.0,43200.0,473,13.373796296103395,30.0,True
Market Street,2024-10,4860.06999985,44640.0,44640.0,461,10.88725358389337,31.0,True
Market Street,2024-11,5189.0599999333335,43200.0,43200.0,444,12.011712962808643,30.0,True
Market Street,2024-12,5649.6799998,44640.0,44640.0,501,12.656093189516127,31.0,True
Market Street,2025-01,5263.919999816667,44640.0,44640.0,466,11.791935483460275,31.0,True
Market Street,2025-02,5117.7599998333335,40320.0,40320.0,469,12.692857142443783,28.0,True
Market Street,2025-03,6315.62999975,44640.0,44640.0,515,14.147916666106632,31.0,True
Market Street,2025-04,5708.579999816667,43200.0,43200.0,523,13.214305555131173,30.0,True
Market Street,2025-05,6590.909999883333,44640.0,44640.0,545,14.76458333307198,31.0,True
Market Street,2025-06,6143.589999833333,43200.0,43200.0,426,14.221273147762345,30.0,True
Market Street,2025-07,6072.389999866667,44640.0,44640.0,457,13.6030241932497,31.0,True
Market Street,2025-08,6044.909999833333,44640.0,44640.0,468,13.541465053390082,31.0,True
Market Street,2025-09,4694.699999866667,43200.0,43200.0,409,10.86736111080247,30.0,True
Market Street,2025-10,4900.9199997999995,44640.0,44640.0,458,10.978763440412186,31.0,True
Market Street,2025-11,5037.4199999,43200.0,43200.0,430,11.660694444212965,30.0,True
Market Street,2025-12,4388.929999866667,44640.0,44640.0,426,9.8318324369773,31.0,True
Market Street,2026-01,4872.609999866667,44640.0,44640.0,445,10.915344981780168,31.0,True
Market Street,2026-02,4403.629999883334,40320.0,40320.0,403,10.921701388599539,28.0,True
Market Street,2026-03,5757.889999816667,44640.0,44640.0,457,12.89849910353196,31.0,True
Market Street,2026-04,2597.1999999166665,23333.35,23333.35,224,11.130849191893434,16.20371527777778,True
Polk Street,2022-11,120.31999998333332,23214.15,30801.0,344,0.5183045684779899,16.1209375,True
Polk Street,2022-12,202.19999993333334,44640.0,44640.0,760,0.45295698909796894,31.0,True
Polk Street,2023-01,235.64999995000002,44640.0,44640.0,842,0.5278897848342294,31.0,True
Polk Street,2023-02,117.31999996666667,7139.21,40320.0,104,1.6433190782546903,4.957784722222223,False
Polk Street,2023-03,4554.7299999,44640.0,44640.0,464,10.20324820766129,31.0,True
Polk Street,2023-04,3494.239999933333,43200.0,43200.0,504,8.088518518364197,30.0,True
Polk Street,2023-05,3820.8499999166665,44640.0,44640.0,450,8.559251791928016,31.0,True
Polk Street,2023-06,3327.319999916667,43200.0,43200.0,452,7.702129629436729,30.0,True
Polk Street,2023-07,2774.73,44640.0,44640.0,291,6.215793010752688,31.0,True
Polk Street,2023-08,2733.2699999833335,44640.0,44640.0,242,6.122916666629331,31.0,True
Polk Street,2023-09,2723.1099999333333,43200.0,43200.0,301,6.303495370216049,30.0,True
Polk Street,2023-10,5259.2499996999995,44640.0,44640.0,395,11.781474013664875,31.0,True
Polk Street,2023-11,4318.80999995,43200.0,43200.0,324,9.99724537025463,30.0,True
Polk Street,2023-12,4781.76999995,44640.0,44640.0,351,10.711850358310933,31.0,True
Polk Street,2024-01,3716.4899998666665,40855.35,44640.0,304,9.096703368999817,28.371770833333333,True
Polk Street,2024-02,5225.449999933333,41760.0,41760.0,331,12.513050766123882,29.0,True
Polk Street,2024-03,5218.189999883333,44640.0,44640.0,372,11.689493727337217,31.0,True
Polk Street,2024-04,3950.03999995,43200.0,43200.0,392,9.143611110995371,30.0,True
Polk Street,2024-05,5806.709999866667,44640.0,44640.0,324,13.007862902927123,31.0,True
Polk Street,2024-06,5035.329999933333,43200.0,43200.0,225,11.65585648132716,30.0,True
Polk Street,2024-07,5499.729999983334,44640.0,44640.0,197,12.320183691718938,31.0,True
Polk Street,2024-08,6669.919999983334,44640.0,44640.0,229,14.941577060894565,31.0,True
Polk Street,2024-09,5773.229999966667,43200.0,43200.0,293,13.363958333256173,30.0,True
Polk Street,2024-10,2852.8099999166666,44640.0,44640.0,335,6.390703404831242,31.0,True
Polk Street,2024-11,3081.869999833333,43200.0,43200.0,377,7.133958332947531,30.0,True
Polk Street,2024-12,2591.3499998666666,44640.0,44640.0,356,5.804995519414576,31.0,True
Polk Street,2025-01,1652.9099999166667,39766.69,44640.0,249,4.156518935613366,27.615756944444446,True
Polk Street,2025-02,2654.0499999666667,35192.86,40320.0,315,7.541444486087992,24.439486111111112,True
Polk Street,2025-03,3100.1199998666666,44640.0,44640.0,517,6.94471326135006,31.0,True
Polk Street,2025-04,1509.8099999333333,43200.0,43200.0,668,3.4949305554012344,30.0,True
Polk Street,2025-05,595.15,44640.0,44640.0,573,1.3332213261648747,31.0,True
Polk Street,2025-06,1583.8599999666667,43200.0,43200.0,283,3.6663425925154325,30.0,True
Polk Street,2025-07,3100.6099999499997,44640.0,44640.0,216,6.9458109317876335,31.0,True
Polk Street,2025-08,1559.9199999833334,44640.0,44640.0,222,3.494444444407109,31.0,True
Polk Street,2025-09,2485.6399999333335,43200.0,43200.0,277,5.753796296141976,30.0,True
Polk Street,2025-10,2709.4599999166667,44640.0,44640.0,312,6.069578852859916,31.0,True
Polk Street,2025-11,2608.6199999166665,43200.0,43200.0,352,6.038472222029321,30.0,True
Polk Street,2025-12,1841.1299999166667,44640.0,44640.0,330,4.124395161103644,31.0,True
Polk Street,2026-01,2028.8899998333334,42199.23,44640.0,324,4.8078839349280384,29.305020833333337,True
Polk Street,2026-02,2490.969999966667,40320.0,40320.0,340,6.17800099198082,28.0,True
Polk Street,2026-03,2715.9599999,44640.0,44640.0,355,6.084139784722223,31.0,True
Polk Street,2026-04,2542.6399999166665,43200.0,43200.0,387,5.885740740547839,30.0,True
Polk Street,2026-05,2131.8599999666667,44640.0,44640.0,298,4.7756720429360815,31.0,True
Polk Street,2026-06,1259.5199999666665,43200.0,43200.0,191,2.9155555554783947,30.0,True
Polk Street,2026-07,1159.1699999333332,44640.0,44640.0,130,2.5967069890979686,31.0,True
Polk Street,2026-08,1275.3299999333333,44640.0,44640.0,149,2.85692204286141,31.0,True
Polk Street,2026-09,1071.14999995,27722.8,27722.8,166,3.8637872074610065,19.251944444444444,True
Telephone Road,2025-05,2334.5599999833335,10247.486666666666,28514.366666666665,27,22.78178128864769,7.116310185185185,False
Telephone Road,2025-06,451.92,17240.746666666666,43200.0,42,2.6212321817461888,11.97274074074074,False
Telephone Road,2025-07,311.3899999833333,19760.2,44640.0,52,1.5758443739604524,13.72236111111111,False
Telephone Road,2025-08,557.22,28881.776666666665,44640.0,85,1.92931344366742,20.05678935185185,True
Telephone Road,2025-09,1575.89,25161.6,43200.0,74,6.2630754800966555,17.473333333333333,True
Telephone Road,2025-10,551.4599999666666,34841.66,44640.0,90,1.5827604079905107,24.195597222222226,True
Telephone Road,2025-11,867.9199999666666,34300.98333333333,43200.0,100,2.5303064682790923,23.820127314814812,True
Telephone Road,2025-12,368.0799999833333,17533.7,44640.0,59,2.0992716881396016,12.176180555555556,False
Telephone Road,2026-01,412.2399999666667,26910.753333333334,44640.0,65,1.5318783345096494,18.688023148148147,True
Telephone Road,2026-02,282.61999998333334,4341.386666666666,40320.0,9,6.509901597876562,3.0148518518518514,False
Telephone Road,2026-03,1056.48,15793.25,44640.0,83,6.689440108907286,10.967534722222222,False
Telephone Road,2026-04,2800.6399998666666,43200.0,43200.0,409,6.482962962654321,30.0,True
Telephone Road,2026-05,1975.0499999166666,44640.0,44640.0,274,4.424395161103644,31.0,True
Telephone Road,2026-06,1859.5299999,43200.0,43200.0,348,4.304467592361111,30.0,True
Telephone Road,2026-07,2022.4599999833335,30826.11,44640.0,163,6.560866745701398,21.407020833333334,True
Telephone Road,2026-08,1336.7833333166668,14243.423333333332,44640.0,69,9.385267165290555,9.891266203703703,False
Telephone Road,2026-09,981.92999995,28486.38,28486.38,145,3.447015731553114,19.782208333333333,True
York Street,2022-09,2165.5599999666665,30395.0,30395.0,396,7.124724461150408,21.10763888888889,True
York Street,2022-10,1950.5399998833332,44640.0,44640.0,563,4.369489247050478,31.0,True
York Street,2022-11,1814.1199998000002,43200.0,43200.0,575,4.199351851388889,30.0,True
York Street,2022-12,1976.9699997833332,44640.0,44640.0,556,4.428696236073775,31.0,True
York Street,2023-01,2187.0799997833333,44640.0,44640.0,599,4.899372759371267,31.0,True
York Street,2023-02,2840.3399998833333,40320.0,40320.0,447,7.044494047329695,28.0,True
York Street,2023-03,3153.0499999166664,44640.0,44640.0,444,7.063284049992532,31.0,True
York Street,2023-04,2887.1599996833334,43200.0,43200.0,745,6.683240740007716,30.0,True
York Street,2023-05,2114.7399999,44640.0,44640.0,406,4.737320788306452,31.0,True
York Street,2023-06,2738.1699999166667,43200.0,43200.0,398,6.33835648128858,30.0,True
York Street,2023-07,2899.39999975,44640.0,44640.0,738,6.495071684027778,31.0,True
York Street,2023-08,2996.86999955,44640.0,44640.0,854,6.713418457773297,31.0,True
York Street,2023-09,2556.6499996833336,43200.0,43200.0,402,5.918171295563272,30.0,True
York Street,2023-10,2906.579999933333,44640.0,44640.0,763,6.511155913829151,31.0,True
York Street,2023-11,2508.419999866667,43200.0,43200.0,324,5.806527777469136,30.0,True
York Street,2023-12,2852.4699999166664,44640.0,44640.0,389,6.389941756085722,31.0,True
York Street,2024-01,2114.899999866667,41183.02,44640.0,347,5.1353688968576545,28.599319444444443,True
York Street,2024-02,3232.799999916667,41760.0,41760.0,586,7.741379310145275,29.0,True
York Street,2024-03,3075.06999985,44640.0,44640.0,600,6.8885976699148745,31.0,True
York Street,2024-04,3069.2799998500004,41645.52,43200.0,572,7.370012428347637,28.920499999999997,True
York Street,2024-05,2513.8799999166667,41652.1,44640.0,351,6.035421983325371,28.925069444444443,True
York Street,2024-06,3065.9199994666674,43200.0,43200.0,596,7.0970370358024715,30.0,True
York Street,2024-07,3951.69999985,44640.0,44640.0,379,8.852374551635304,31.0,True
York Street,2024-08,2452.3899999,43192.63,44640.0,400,5.677797346213927,29.994881944444444,True
York Street,2024-09,2862.489999966667,43200.0,43200.0,247,6.626134259182099,30.0,True
York Street,2024-10,2318.4799999166667,44640.0,44640.0,375,5.193727598379629,31.0,True
York Street,2024-11,2905.179999966667,43200.0,43200.0,297,6.724953703626544,30.0,True
York Street,2024-12,2403.2299999,44640.0,44640.0,595,5.383579748879929,31.0,True
York Street,2025-01,2325.2499999333336,44640.0,44640.0,225,5.208893369026285,31.0,True
York Street,2025-02,2558.68999995,40320.0,40320.0,334,6.345957341145834,28.0,True
York Street,2025-03,3793.9699998833335,44640.0,44640.0,587,8.499036738089904,31.0,True
York Street,2025-04,3110.7899999166666,43200.0,43200.0,299,7.200902777584876,30.0,True
York Street,2025-05,3207.17999985,44640.0,44640.0,391,7.184543010416666,31.0,True
York Street,2025-06,3511.399999933333,43200.0,43200.0,324,8.128240740586419,30.0,True
York Street,2025-07,2675.6199999833334,39322.35,44640.0,298,6.804323749682645,27.307187499999998,True
York Street,2025-08,1657.39999995,39793.02,44640.0,180,4.1650520617686215,27.634041666666665,True
York Street,2025-09,1026.57999995,41668.08,43200.0,131,2.463708430890024,28.93616666666667,True
York Street,2025-10,1564.3399999,43168.12,44640.0,260,3.623831660725554,29.977861111111114,True
York Street,2025-11,1106.8199999666667,41046.65,43200.0,128,2.6964928927614475,28.504618055555557,True
York Street,2025-12,995.2,34248.79,44640.0,95,2.9057960879785827,23.783881944444445,True
York Street,2026-01,931.7899999666666,33220.52,44640.0,108,2.8048627774841175,23.069805555555554,True
York Street,2026-02,1408.8499999666667,38190.0,40320.0,134,3.689054726280877,26.520833333333332,True
York Street,2026-03,1685.9299999333334,44640.0,44640.0,169,3.7767249102449223,31.0,True
York Street,2026-04,2222.4099999333334,43200.0,43200.0,225,5.1444675924382715,30.0,True
York Street,2026-05,2135.9399999666666,44640.0,44640.0,203,4.784811827882318,31.0,True
York Street,2026-06,1964.3899999833334,41540.21,43200.0,154,4.72888798584151,28.847368055555556,True
York Street,2026-07,1626.6299999,40427.0,44640.0,231,4.02362282608158,28.074305555555554,True
York Street,2026-08,2507.0799998833336,44209.1,44640.0,244,5.670959146156184,30.700763888888886,True
York Street,2026-09,1063.7799999666668,27067.92,28486.92,79,3.9300396926201455,18.797166666666666,True
